seed,mean_score,std_score,min_score,max_score,eval_episodes
0,100.0,0.0,100.0,100.0,100
1,238.5,70.871362340511,140.0,460.0,100
2,140.0,0.0,140.0,140.0,100
3,353.3,81.36405840418729,190.0,530.0,100
4,224.1,49.600302418432896,140.0,340.0,100
